Chunk Index,Video Buffer Size
0,0
1,0
2,0
3,0
4,0
5,0
6,0
7,0
8,0
9,0
10,0
11,0
12,0
13,0
14,0
15,0
16,0
17,0
18,0
19,0
20,0
21,0
22,0
23,1
24,2
25,3
26,4
27,5
28,6
29,7
30,8
31,9
32,10
33,11
34,12
35,13
36,14
37,15
38,16
39,17
40,18
41,19
42,20
43,21
44,22
45,23
46,24
47,25
48,26
49,27
50,28
51,29
52,30
53,31
54,32
55,33
56,34
57,35
58,36
59,37
60,38
61,39
62,40
63,41
64,42
65,43
66,44
67,45
68,46
69,47
70,48
71,49
72,50
73,51
74,52
75,53
76,54
77,55
78,56
79,57
80,58
81,59
82,60
83,61
84,62
85,62
86,63
87,64
88,65
89,66
90,67
91,68
92,69
93,70
94,71
95,72
96,72
97,73
98,73
99,74
100,75
101,75
102,76
103,76
104,76
105,77
106,77
107,77
108,77
109,78
110,78
111,79
112,79
113,80
114,80
115,81
116,82
117,81
118,82
119,83
120,83
121,83
122,84
123,83
124,84
125,84
126,85
127,85
128,85
129,86
130,87
131,88
132,89
133,89
134,89
135,86
136,87
137,88
138,88
139,89
140,90
141,90
142,90
143,91
144,92
145,93
146,93
147,94
148,95
149,96
150,96
151,97
152,97
153,97
154,98
155,98
156,99
157,100
158,100
159,101
160,101
161,101
162,102
163,102
164,103
165,104
166,104
167,104
168,104
169,105
170,105
171,106
172,106
173,107
174,107
175,108
176,108
177,108
178,109
179,109
180,110
181,111
182,111
183,111
184,112
185,112
186,112
187,113
188,113
189,114
190,114
191,115
192,115
193,115
194,116
195,116
196,117
197,117
198,118
199,118
200,119
201,119
202,119
203,119
204,119
205,120
206,120
207,121
208,121
209,122
210,123
211,124
212,124
213,125
214,125
215,126
216,126
217,127
218,127
219,128
220,128
221,128
222,129
223,129
224,129
225,129
226,129
227,130
228,131
229,131
230,132
231,133
232,133
233,133
234,134
235,134
236,134
237,135
238,135
239,136
240,137
241,137
242,137
243,138
244,138
245,139
246,140
247,140
248,141
249,141
250,141
251,142
252,142
253,143
254,143
255,143
256,143
257,143
258,144
259,144
260,145
261,146
262,147
263,148
264,148
265,148
266,148
267,149
268,149
269,150
270,150
271,151
272,151
273,151
274,152
275,152
276,152
277,153
278,154
279,155
280,155
281,155
282,156
283,156
284,156
285,157
286,156
287,156
288,157
289,157
290,158
291,158
292,159
293,160
294,161
295,162
296,162
297,162
298,163
299,163
300,164
301,164
302,164
303,165
304,165
305,166
306,166
307,166
308,167
309,167
310,168
311,169
312,169
313,170
314,170
315,170
316,170
317,170
318,170
319,171
320,171
321,172
322,173
323,173
324,174
325,175
326,176
327,176
328,176
329,177
330,177
331,178
332,178
333,178
334,179
335,179
336,179
337,180
338,180
339,181
340,181
341,182
342,183
343,183
344,184
345,184
346,183
347,183
348,184
349,184
350,185
351,185
352,186
353,186
354,187
355,188
356,188
357,188
358,189
359,190
360,191
361,191
362,192
363,192
364,192
365,192
366,193
367,193
368,194
369,194
370,195
371,195
372,195
373,196
374,196
375,197
376,197
377,198
378,198
379,198
380,199
381,199
382,200
383,200
384,200
385,201
386,201
387,201
388,202
389,202
390,203
391,204
392,205
393,205
394,206
395,206
396,206
397,207
398,207
399,208
400,208
401,208
402,209
403,209
404,209
405,210
406,210
407,211
408,211
409,212
410,212
411,213
412,213
413,214
414,214
415,215
416,215
417,215
418,216
419,216
420,217
421,217
422,217
423,218
424,219
425,220
426,220
427,220
428,221
429,221
430,222
431,222
432,222
433,223
434,223
435,223
436,223
437,224
438,224
439,225
440,226
441,226
442,227
443,227
444,228
445,228
446,229
447,229
448,229
449,230
450,230
451,231
452,230
453,231
454,231
455,232
456,233
457,233
458,233
459,233
460,234
461,234
462,234
463,235
464,236
465,236
466,235
467,236
468,236
469,237
470,238
471,239
472,240
473,240
474,240
475,241
476,241
477,242
478,242
479,243
480,244
481,244
482,245
483,245
484,245
485,246
486,247
487,247
488,248
489,248
490,249
491,249
492,249
493,250
494,250
495,250
496,250
497,251
498,251
499,251
500,252
501,252
502,253
503,254
504,254
505,255
506,256
507,256
508,256
509,257
510,257
511,258
512,258
513,258
514,259
515,259
516,259
517,260
518,260
519,261
520,261
521,262
522,263
523,263
524,264
525,264
526,264
527,264
528,265
529,265
530,265
531,265
532,266
533,266
534,267
535,267
536,268
537,269
538,269
539,270
540,271
541,271
542,271
543,272
544,272
545,273
546,273
547,273
548,274
549,274
550,275
551,274
552,275
553,276
554,276
555,276
556,277
557,278
558,278
559,278
560,279
561,279
562,280
563,280
564,281
565,281
566,282
567,282
568,282
569,283
570,284
571,285
572,284
573,285
574,285
575,285
576,286
577,286
578,287
579,288
580,288
581,288
582,289
583,289
584,290
585,291
586,291
587,291
588,292
589,292
590,292
591,293
592,293
593,293
594,294
595,294
596,295
597,295
598,295
599,296
600,297
601,297
602,298
603,299
604,299
605,300
606,300
607,300
608,300
609,301
610,301
611,301
612,302
613,302
614,303
615,303
616,303
617,304
618,305
619,305
620,306
621,306
622,307
623,307
624,308
625,308
626,309
627,309
628,309
629,310
630,310
631,311
632,311
633,311
634,312
635,313
636,314
637,314
638,314
639,315
640,315
641,315
642,315
643,316
644,316
645,316
646,316
647,317
648,317
649,318
650,319
651,319
652,320
653,321
654,321
655,321
656,322
657,322
658,322
659,323
660,324
661,324
662,324
663,324
664,325
665,325
666,326
667,327
668,328
669,328
670,329
671,329
672,329
673,330
674,330
675,330
676,330
677,330
678,330
679,331
680,331
681,332
682,333
683,334
684,334
685,335
686,335
687,336
688,336
689,336
690,337
691,338
692,338
693,338
694,339
695,339
696,340
697,340
698,340
699,341
700,342
701,342
702,343
703,343
704,344
705,344
706,344
707,344
708,345
709,345
710,345
711,346
712,347
713,347
714,347
715,348
716,349
717,350
718,350
719,350
720,351
721,351
722,352
723,352
724,352
725,353
726,353
727,353
728,354
729,354
730,355
731,355
732,356
733,357
734,357
735,358
736,357
737,358
738,358
739,359
740,359
741,359
742,360
743,361
744,361
745,361
746,362
747,362
748,363
749,364
750,364
751,365
752,365
753,365
754,366
755,366
756,367
757,367
758,367
759,368
760,368
761,369
762,369
763,369
764,370
765,371
766,371
767,371
768,372
769,372
770,372
771,373
772,373
773,374
774,374
775,375
776,375
777,376
778,376
779,376
780,377
781,378
782,378
783,379
784,379
785,380
786,380
787,381
788,381
789,381
790,382
791,382
792,382
793,383
794,383
795,384
796,384
797,385
798,385
799,386
800,386
801,386
802,387
803,387
804,387
805,388
806,388
807,389
808,389
809,389
810,390
811,391
812,391
813,392
814,393
815,393
816,394
817,394
818,394
819,395
820,394
821,394
822,395
823,395
824,395
825,396
826,397
827,398
828,398
829,399
830,399
831,400
832,400
833,401
834,401
835,402
836,402
837,403
838,403
839,404
840,404
841,404
842,405
843,405
844,406
845,407
846,407
847,408
848,408
849,408
850,409
851,409
852,409
853,410
854,410
855,411
856,410
857,411
858,411
859,412
860,413
861,413
862,414
863,415
864,415
865,415
866,416
867,416
868,416
869,417
870,417
871,418
872,418
873,418
874,419
875,419
876,420
877,420
878,421
879,422
880,422
881,423
882,423
883,423
884,424
885,424
886,424
887,424
888,425
889,425
890,425
891,426
892,426
893,427
894,428
895,429
896,429
897,430
898,430
899,430
900,431
901,431
902,432
903,432
904,432
905,433
906,433
907,434
908,434
909,434
910,435
911,436
912,436
913,437
914,437
915,438
916,437
917,438
918,438
919,438
920,439
921,439
922,440
923,441
924,441
925,441
926,442
927,443
928,444
929,444
930,444
931,445
932,445
933,445
934,446
935,446
936,447
937,447
938,448
939,448
940,448
941,448
942,449
943,450
944,451
945,451
946,451
947,451
948,452
949,452
950,452
951,453
952,454
953,454
954,455
955,455
956,455
957,456
958,456
959,457
960,458
961,458
962,459
963,459
964,459
965,460
966,460
967,461
968,461
969,461
970,462
971,462
972,462
973,463
974,463
975,464
976,464
977,465
978,465
979,466
980,466
981,466
982,467
983,468
984,468
985,468
986,469
987,469
988,470
989,470
990,470
991,471
992,472
993,472
994,473
995,473
996,474
997,474
998,474
999,475
1000,475
1001,475
1002,476
1003,476
1004,477
1005,477
1006,477
1007,478
1008,479
1009,479
1010,479
1011,480
1012,480
1013,481
1014,482
1015,482
1016,482
1017,483
1018,483
1019,484
1020,484
1021,484
1022,485
1023,485
1024,486
1025,487
1026,487
1027,488
1028,488
1029,488
1030,489
1031,489
1032,489
1033,490
1034,490
1035,490
1036,490
1037,490
1038,491
1039,492
1040,492
1041,493
1042,494
1043,494
1044,495
1045,496
1046,496
1047,496
1048,497
1049,497
1050,497
1051,498
1052,498
1053,498
1054,499
1055,499
1056,500
1057,501
1058,502
1059,502
1060,502
1061,503
1062,503
1063,503
1064,504
1065,504
1066,503
1067,504
1068,504
1069,504
1070,505
1071,506
1072,507
1073,508
1074,509
1075,509
1076,509
1077,510
1078,510
1079,511
1080,511
1081,511
1082,512
1083,512
1084,512
1085,513
1086,513
1087,514
1088,514
1089,515
1090,516
1091,516
1092,516
1093,516
1094,517
1095,516
1096,517
1097,517
1098,518
1099,519
1100,519
1101,519
1102,520
1103,521
1104,522
1105,523
1106,523
1107,523
1108,524
1109,524
1110,524
1111,525
1112,525
1113,526
1114,526
1115,526
1116,527
1117,527
1118,528
1119,528
1120,528
1121,529
1122,530
1123,530
1124,531
1125,531
1126,531
1127,531
1128,532
1129,532
1130,532
1131,533
1132,533
1133,534
1134,535
1135,535
1136,535
1137,536
1138,537
1139,538
1140,538
1141,538
1142,539
1143,539
1144,539
1145,540
1146,540
1147,541
1148,541
1149,541
1150,542
1151,542
1152,542
1153,543
1154,544
1155,545
1156,544
1157,545
1158,545
1159,546
1160,546
1161,546
1162,547
1163,548
1164,548
1165,549
1166,549
1167,549
1168,550
1169,550
1170,551
1171,552
1172,552
1173,553
1174,553
1175,553
1176,554
1177,554
1178,554
1179,555
1180,555
1181,556
1182,556
1183,556
1184,557
1185,557
1186,558
1187,558
1188,559
1189,559
1190,559
1191,559
1192,560
1193,561
1194,561
1195,561
1196,562
1197,562
1198,563
1199,562
1200,563
1201,564
1202,565
1203,565
1204,566
1205,566
1206,567
1207,568
1208,568
1209,568
1210,569
1211,569
1212,570
1213,570
1214,570
1215,571
1216,570
1217,571
1218,572
1219,573
1220,573
1221,573
1222,574
1223,575
1224,575
1225,576
1226,576
1227,576
1228,577
1229,577
1230,577
1231,578
1232,578
1233,579
1234,579
1235,580
1236,581
1237,581
1238,581
1239,582
1240,582
1241,583
1242,583
1243,583
1244,584
1245,584
1246,584
1247,584
1248,585
1249,585
1250,586
1251,587
1252,587
1253,588
1254,589
1255,589
1256,590
1257,590
1258,590
1259,590
1260,590
1261,591
1262,591
1263,592
1264,592
1265,592
1266,593
1267,594
1268,595
1269,595
1270,596
1271,596
1272,597
1273,597
1274,597
1275,598
1276,597
1277,598
1278,598
1279,599
1280,599
1281,599
1282,600
1283,601
1284,602
1285,603
1286,603
1287,603
1288,604
1289,604
1290,604
1291,605
1292,605
1293,606
1294,606
1295,606
1296,607
1297,607
1298,608
1299,608
1300,609
1301,610
1302,610
1303,610
1304,611
1305,611
1306,610
1307,611
1308,611
1309,612
1310,612
1311,612
1312,613
1313,614
1314,615
1315,615
1316,616
1317,617
1318,617
1319,618
1320,618
1321,618
1322,619
1323,619
1324,620
1325,620
1326,620
1327,621
1328,621
1329,621
1330,622
1331,622
1332,623
1333,624
1334,624
1335,625
1336,624
1337,624
1338,625
1339,625
1340,625
1341,626
1342,627
1343,627
1344,628
1345,629
1346,629
1347,629
1348,630
1349,631
1350,631
1351,632
1352,632
1353,632
1354,633
1355,633
1356,633
1357,634
1358,634
1359,635
1360,635
1361,636
1362,636
1363,637
1364,638
1365,638
1366,637
1367,638
1368,638
1369,639
1370,639
1371,639
1372,639
1373,641
1374,642
1375,642
1376,643
1377,643
1378,643
1379,644
1380,644
1381,645
1382,646
1383,646
1384,647
1385,647
1386,647
1387,648
1388,648
1389,648
1390,649
1391,649
1392,650
1393,649
1394,650
1395,650
1396,651
1397,651
1398,652
1399,653
1400,653
1401,653
1402,654
1403,655
1404,655
1405,656
1406,656
1407,656
1408,657
1409,657
1410,657
1411,658
1412,658
1413,659
1414,660
1415,660
1416,660
1417,661
1418,661
1419,662
1420,662
1421,663
1422,663
1423,664
1424,664
1425,664
1426,664
1427,664
1428,665
1429,666
1430,667
1431,667
1432,667
1433,668
1434,669
1435,669
1436,669
1437,670
1438,670
1439,671
1440,671
1441,671
1442,672
1443,672
1444,673
1445,673
1446,674
1447,675
1448,675
1449,675
1450,676
1451,676
1452,677
1453,677
1454,677
1455,678
1456,678
1457,678
1458,679
1459,679
1460,680
1461,680
1462,681
1463,682
1464,682
1465,683
1466,683
1467,683
1468,684
1469,684
1470,685
1471,685
1472,685
1473,686
1474,686
1475,687
1476,687
1477,687
1478,688
1479,689
1480,689
1481,690
1482,690
1483,691
1484,691
1485,691
1486,692
1487,692
1488,692
1489,693
1490,693
1491,694
1492,694
1493,694
1494,695
1495,696
1496,696
1497,697
1498,697
1499,698
1500,698
1501,698
1502,699
1503,699
1504,700
1505,700
1506,700
1507,701
1508,701
1509,701
1510,702
1511,703
1512,704
1513,704
1514,705
1515,705
1516,704
1517,705
1518,705
1519,706
1520,706
1521,707
1522,707
1523,708
1524,708
1525,709
1526,709
1527,710
1528,711
1529,711
1530,712
1531,712
1532,712
1533,713
1534,713
1535,713
1536,714
1537,714
1538,715
1539,715
1540,715
1541,716
1542,716
1543,717
1544,718
1545,718
1546,718
1547,718
1548,719
1549,719
1550,720
1551,720
1552,720
1553,721
1554,722
1555,722
1556,723
1557,723
1558,723
1559,724
1560,725
1561,725
1562,726
1563,726
1564,727
1565,727
1566,727
1567,728
1568,728
1569,728
1570,729
1571,729
1572,730
1573,730
1574,730
1575,731
1576,732
1577,732
1578,732
1579,733
1580,733
1581,733
1582,734
1583,734
1584,735
1585,735
1586,735
1587,736
1588,737
1589,737
1590,737
1591,738
1592,739
1593,739
1594,740
1595,740
1596,740
1597,741
1598,742
1599,742
1600,742
1601,743
1602,743
1603,744
1604,744
1605,744
1606,744
1607,745
1608,746
1609,746
1610,747
1611,747
1612,747
1613,748
1614,749
1615,749
1616,750
1617,750
1618,750
1619,751
1620,751
1621,752
1622,752
1623,753
1624,754
1625,754
1626,754
1627,755
1628,755
1629,756
1630,756
1631,756
1632,757
1633,757
1634,758
1635,758
1636,758
1637,758
1638,758
1639,759
1640,760
1641,761
1642,761
1643,762
1644,762
1645,763
1646,763
1647,763
1648,764
1649,764
1650,765
1651,765
1652,765
1653,766
1654,766
1655,767
1656,767
1657,768
1658,769
1659,769
1660,769
1661,770
1662,770
1663,771
1664,771
1665,771
1666,771
1667,771
1668,772
1669,772
1670,773
1671,773
1672,774
1673,775
1674,776
1675,773
1676,774
1677,775
1678,776
1679,777
1680,778
1681,776
1682,776
1683,778
1684,778
1685,779
1686,779
1687,780
1688,781
1689,782
1690,782
1691,783
1692,783
1693,784
1694,784
1695,785
1696,784
1697,784
1698,784
1699,784
1700,786
1701,787
1702,788
1703,787
1704,788
1705,789
1706,789
1707,790
1708,790
1709,791
1710,792
1711,792
1712,792
1713,793
1714,793
1715,793
1716,794
1717,794
1718,795
1719,795
1720,795
1721,796
1722,797
1723,797
1724,797
1725,797
1726,797
1727,798
1728,799
1729,799
1730,800
1731,800
1732,801
1733,802
1734,802
1735,802
1736,803
1737,803
1738,804
1739,805
1740,805
1741,806
1742,806
1743,806
1744,806
1745,806
1746,807
1747,807
1748,808
1749,808
1750,809
1751,809
1752,810
1753,810
1754,811
1755,812
1756,812
1757,812
1758,812
1759,813
1760,813
1761,814
1762,814
1763,815
1764,815
1765,816
1766,816
1767,816
1768,817
1769,817
1770,818
1771,819
1772,820
1773,820
1774,820
1775,821
1776,821
1777,821
1778,822
1779,822
1780,823
1781,823
1782,823
1783,824
1784,824
1785,824
1786,825
1787,826
1788,826
1789,826
1790,827
1791,827
1792,828
1793,828
1794,829
1795,829
1796,830
1797,830
1798,830
1799,831
1800,831
1801,832
1802,832
1803,833
1804,834
1805,834
1806,834
1807,835
1808,835
1809,836
1810,836
1811,836
1812,837
1813,837
1814,837
1815,838
1816,838
1817,838
1818,839
1819,840
1820,840
1821,841
1822,841
1823,842
1824,842
1825,843
1826,843
1827,843
1828,844
1829,844
1830,845
1831,845
1832,846
1833,846
1834,846
1835,847
1836,848
1837,848
1838,849
1839,849
1840,850
1841,850
1842,850
1843,851
1844,851
1845,851
1846,851
1847,852
1848,852
1849,852
1850,853
1851,854
1852,855
1853,855
1854,856
1855,856
1856,857
1857,857
1858,857
1859,858
1860,858
1861,859
1862,859
1863,859
1864,860
1865,860
1866,860
1867,861
1868,862
1869,863
1870,863
1871,863
1872,864
1873,864
1874,864
1875,865
1876,865
1877,866
1878,866
1879,866
1880,867
1881,867
1882,868
1883,869
1884,869
1885,870
1886,870
1887,871
1888,871
1889,871
1890,872
1891,872
1892,872
1893,873
1894,873
1895,874
1896,874
1897,874
1898,875
1899,876
1900,876
1901,876
1902,876
1903,876
1904,876
1905,876
1906,877
1907,877
1908,878
1909,879
1910,879
1911,880
1912,881
1913,881
1914,882
1915,883
1916,882
1917,883
1918,884
1919,884
1920,885
1921,886
1922,886
1923,886
1924,886
1925,886
1926,887
1927,887
1928,888
1929,888
1930,888
1931,889
1932,890
1933,891
1934,892
1935,892
1936,891
1937,892
1938,893
1939,893
1940,893
1941,893
1942,894
1943,895
1944,895
1945,896
1946,896
1947,897
1948,897
1949,898
1950,899
1951,899
1952,900
1953,900
1954,900
1955,901
1956,901
1957,901
1958,902
1959,902
1960,903
1961,903
1962,903
1963,903
1964,903
1965,904
1966,902
1967,903
1968,904
1969,905
1970,905
1971,906
1972,906
1973,907
1974,907
1975,907
1976,907
1977,909
1978,910
1979,910
1980,911
1981,912
1982,913
1983,912
1984,912
1985,914
1986,914
1987,915
1988,915
1989,916
1990,916
1991,917
1992,917
1993,917
1994,918
1995,918
1996,918
1997,919
1998,920
1999,920
2000,920
2001,921
2002,921
2003,922
2004,922
2005,923
2006,923
2007,924
2008,924
2009,924
2010,925
2011,925
2012,926
2013,926
2014,927
2015,928
2016,928
2017,928
2018,929
2019,929
2020,930
2021,930
2022,930
2023,931
2024,930
2025,930
2026,931
2027,931
2028,932
2029,933
2030,934
2031,934
2032,935
2033,936
2034,936
2035,936
2036,937
2037,937
2038,937
2039,938
2040,938
2041,939
2042,939
2043,939
2044,940
2045,940
2046,941
2047,942
2048,942
2049,943
2050,943
2051,944
2052,944
2053,944
2054,945
2055,945
2056,945
2057,945
2058,946
2059,946
2060,946
2061,947
2062,948
2063,949
2064,949
2065,950
2066,950
2067,951
2068,951
2069,951
2070,951
2071,952
2072,952
2073,952
2074,953
2075,953
2076,954
2077,954
2078,955
2079,956
2080,957
2081,957
2082,957
2083,958
2084,958
2085,958
2086,958
2087,959
2088,959
2089,960
2090,960
2091,960
2092,961
2093,961
2094,962
2095,963
2096,964
2097,964
2098,965
2099,965
2100,965
2101,966
2102,966
2103,966
2104,967
2105,967
2106,968
2107,968
2108,968
2109,969
2110,969
2111,970
2112,971
2113,971
2114,972
2115,972
2116,972
2117,972
2118,973
2119,973
2120,973
2121,974
2122,974
2123,974
2124,975
2125,975
2126,976
2127,977
2128,977
2129,978
2130,979
2131,979
2132,980
2133,980
2134,980
2135,981
2136,981
2137,981
2138,981
2139,982
2140,982
2141,982
2142,983
2143,984
2144,985
2145,985
2146,985
2147,986
2148,986
2149,987
2150,987
2151,987
2152,988
2153,988
2154,989
2155,989
2156,990
2157,990
2158,991
2159,991
2160,992
2161,992
2162,992
2163,993
2164,993
2165,994
2166,995
2167,995
2168,995
2169,996
2170,996
2171,997
2172,997
2173,997
2174,998
2175,998
2176,999
2177,999
2178,1000
2179,1000
2180,1000
2181,1001
2182,1001
2183,1002
2184,1002
2185,1003
2186,1003
2187,1004
2188,1004
2189,1004
2190,1005
2191,1005
2192,1006
2193,1007
2194,1007
2195,1008
2196,1008
2197,1009
2198,1009
2199,1009
2200,1010
2201,1010
2202,1010
2203,1011
2204,1011
2205,1012
2206,1011
2207,1012
2208,1013
2209,1014
2210,1014
2211,1014
2212,1015
2213,1016
2214,1016
2215,1016
2216,1017
2217,1017
2218,1018
2219,1018
2220,1018
2221,1019
2222,1019
2223,1019
2224,1020
2225,1021
2226,1022
2227,1022
2228,1022
2229,1023
2230,1023
2231,1023
2232,1024
2233,1024
2234,1025
2235,1025
2236,1025
2237,1025
2238,1026
2239,1026
2240,1027
2241,1028
2242,1028
2243,1029
2244,1029
2245,1030
2246,1030
2247,1031
2248,1031
2249,1032
2250,1032
2251,1032
2252,1033
2253,1033
2254,1033
2255,1034
2256,1034
2257,1035
2258,1036
2259,1036
2260,1037
2261,1037
2262,1037
2263,1038
2264,1038
2265,1039
2266,1038
2267,1039
2268,1039
2269,1040
2270,1040
2271,1040
2272,1041
2273,1042
2274,1043
2275,1043
2276,1044
2277,1044
2278,1044
2279,1045
2280,1045
2281,1046
2282,1046
2283,1046
2284,1047
2285,1047
2286,1048
2287,1048
2288,1048
2289,1049
2290,1050
2291,1051
2292,1051
2293,1051
2294,1052
2295,1052
2296,1052
2297,1052
2298,1053
2299,1053
2300,1053
2301,1054
2302,1054
2303,1055
2304,1055
2305,1056
2306,1057
2307,1058
2308,1058
2309,1058
2310,1059
2311,1059
2312,1060
2313,1060
2314,1060
2315,1061
2316,1061
2317,1062
2318,1062
2319,1062
2320,1063
2321,1063
2322,1064
2323,1065
2324,1065
2325,1066
2326,1065
2327,1066
2328,1066
2329,1067
2330,1067
2331,1067
2332,1068
2333,1068
2334,1068
2335,1069
2336,1069
2337,1070
2338,1071
2339,1071
2340,1072
2341,1073
2342,1073
2343,1073
2344,1074
2345,1074
2346,1075
2347,1075
2348,1076
2349,1076
2350,1076
2351,1076
2352,1077
2353,1077
2354,1078
2355,1079
2356,1079
2357,1079
2358,1080
2359,1080
2360,1080
2361,1081
2362,1081
2363,1082
2364,1082
2365,1082
2366,1083
2367,1083
2368,1084
2369,1084
2370,1085
2371,1086
2372,1087
2373,1087
2374,1087
2375,1088
2376,1088
2377,1089
2378,1089
2379,1089
2380,1090
2381,1090
2382,1090
2383,1091
2384,1091
2385,1092
2386,1092
2387,1093
2388,1093
2389,1094
2390,1094
2391,1094
2392,1095
2393,1095
2394,1095
2395,1096
2396,1096
2397,1096
2398,1097
2399,1098
2400,1098
2401,1099
2402,1100
2403,1100
2404,1101
2405,1101
2406,1102
2407,1102
2408,1103
2409,1103
2410,1103
2411,1103
2412,1104
2413,1104
2414,1105
2415,1105
2416,1105
2417,1105
2418,1106
2419,1107
2420,1107
2421,1108
2422,1108
2423,1109
2424,1110
2425,1110
2426,1110
2427,1111
2428,1111
2429,1111
2430,1112
2431,1112
2432,1113
2433,1113
2434,1113
2435,1114
2436,1115
2437,1116
2438,1116
2439,1116
2440,1117
2441,1117
2442,1117
2443,1118
2444,1118
2445,1119
2446,1118
2447,1119
2448,1119
2449,1120
2450,1120
2451,1121
2452,1122
2453,1122
2454,1122
2455,1123
2456,1123
2457,1123
2458,1124
2459,1124
2460,1125
2461,1125
2462,1125
2463,1126
2464,1126
2465,1127
2466,1127
2467,1128
2468,1129
2469,1129
2470,1130
2471,1130
2472,1130
2473,1131
2474,1132
2475,1132
2476,1132
2477,1132
2478,1132
2479,1133
2480,1133
2481,1134
2482,1134
2483,1135
2484,1136
2485,1137
2486,1137
2487,1138
2488,1138
2489,1138
2490,1139
2491,1139
2492,1140
2493,1140
2494,1140
2495,1141
2496,1141
2497,1142
2498,1142
2499,1142
2500,1143
2501,1144
2502,1144
2503,1144
2504,1145
2505,1145
2506,1145
2507,1145
2508,1145
2509,1146
2510,1146
2511,1147
2512,1147
2513,1148
2514,1148
2515,1149
2516,1150
2517,1151
2518,1151
2519,1152
2520,1152
2521,1153
2522,1153
2523,1154
2524,1154
2525,1154
2526,1155
2527,1155
2528,1156
2529,1156
2530,1156
2531,1157
2532,1157
2533,1158
2534,1159
2535,1159
2536,1159
2537,1159
2538,1160
2539,1160
2540,1160
2541,1161
2542,1161
2543,1162
2544,1163
2545,1163
2546,1163
2547,1164
2548,1164
2549,1165
2550,1166
2551,1166
2552,1167
2553,1167
2554,1167
2555,1168
2556,1168
2557,1169
2558,1169
2559,1169
2560,1170
2561,1170
2562,1170
2563,1171
2564,1171
2565,1172
2566,1173
2567,1173
2568,1173
2569,1174
2570,1174
2571,1174
2572,1175
2573,1176
2574,1176
2575,1177
2576,1177
2577,1177
2578,1178
2579,1178
2580,1178
2581,1179
2582,1180
2583,1180
2584,1180
2585,1181
2586,1181
2587,1181
2588,1182
2589,1182
2590,1183
2591,1184
2592,1184
2593,1184
2594,1185
2595,1185
2596,1185
2597,1186
2598,1187
2599,1187
2600,1187
2601,1188
2602,1189
2603,1189
2604,1190
2605,1190
2606,1190
2607,1191
2608,1191
2609,1192
2610,1192
2611,1192
2612,1193
2613,1193
2614,1194
2615,1195
2616,1195
2617,1196
2618,1196
2619,1196
2620,1197
2621,1197
2622,1198
2623,1198
2624,1198
2625,1199
2626,1199
2627,1199
2628,1199
2629,1200
2630,1201
2631,1201
2632,1202
2633,1203
2634,1203
2635,1204
2636,1204
2637,1204
2638,1205
2639,1205
2640,1205
2641,1206
2642,1206
2643,1207
2644,1207
2645,1207
2646,1208
2647,1209
2648,1209
2649,1210
2650,1210
2651,1211
2652,1211
2653,1211
2654,1212
2655,1212
2656,1212
2657,1213
2658,1213
2659,1213
2660,1214
2661,1215
2662,1215
2663,1216
2664,1217
2665,1217
2666,1217
2667,1218
2668,1218
2669,1219
2670,1219
2671,1219
2672,1220
2673,1220
2674,1221
2675,1221
2676,1221
2677,1222
2678,1222
2679,1223
2680,1224
2681,1224
2682,1225
2683,1225
2684,1225
2685,1226
2686,1226
2687,1226
2688,1226
2689,1227
2690,1227
2691,1227
2692,1228
2693,1229
2694,1229
2695,1230
2696,1231
2697,1231
2698,1232
2699,1232
2700,1232
2701,1233
2702,1233
2703,1234
2704,1234
2705,1234
2706,1235
2707,1235
2708,1236
2709,1236
2710,1236
2711,1237
2712,1238
2713,1238
2714,1239
2715,1239
2716,1239
2717,1239
2718,1240
2719,1240
2720,1240
2721,1241
2722,1241
2723,1242
2724,1242
2725,1243
2726,1243
2727,1244
2728,1245
2729,1245
2730,1246
2731,1246
2732,1247
2733,1247
2734,1248
2735,1248
2736,1248
2737,1249
2738,1249
2739,1249
2740,1250
2741,1250
2742,1251
2743,1251
2744,1252
2745,1253
2746,1253
2747,1253
2748,1253
2749,1254
2750,1254
2751,1254
2752,1255
2753,1252
2754,1253
2755,1254
2756,1255
2757,1256
2758,1257
2759,1258
2760,1258
2761,1259
2762,1258
2763,1259
2764,1260
2765,1261
2766,1261
2767,1261
2768,1262
2769,1263
2770,1263
2771,1264
2772,1264
2773,1265
2774,1265
2775,1265
2776,1266
2777,1266
2778,1267
2779,1267
2780,1268
2781,1268
2782,1269
2783,1269
2784,1270
2785,1270
2786,1271
2787,1271
2788,1271
2789,1272
2790,1272
2791,1273
2792,1273
2793,1274
2794,1275
2795,1275
2796,1276
2797,1276
2798,1276
2799,1277
2800,1277
2801,1278
2802,1278
2803,1278
2804,1279
2805,1279
2806,1278
2807,1279
2808,1280
2809,1280
2810,1281
2811,1281
2812,1282
2813,1283
2814,1283
2815,1283
2816,1282
2817,1282
2818,1283
2819,1283
2820,1284
2821,1285
2822,1285
2823,1285
2824,1287
2825,1288
2826,1289
2827,1290
2828,1290
2829,1290
2830,1291
2831,1291
2832,1291
2833,1292
2834,1292
2835,1293
2836,1291
2837,1292
2838,1293
2839,1293
2840,1294
2841,1295
2842,1295
2843,1296
2844,1296
2845,1297
2846,1297
2847,1298
2848,1298
2849,1299
2850,1299
2851,1300
2852,1300
2853,1300
2854,1301
2855,1301
2856,1302
2857,1302
2858,1303
2859,1304
2860,1304
2861,1304
2862,1305
2863,1305
2864,1306
2865,1306
2866,1305
2867,1306
2868,1306
2869,1306
2870,1307
2871,1308
2872,1308
2873,1309
2874,1310
2875,1310
2876,1311
2877,1310
2878,1311
2879,1312
2880,1312
2881,1313
2882,1313
2883,1313
2884,1314
2885,1315
2886,1315
2887,1316
2888,1316
2889,1316
2890,1317
2891,1318
2892,1319
2893,1319
2894,1319
2895,1320
2896,1320
2897,1320
2898,1321
2899,1321
2900,1321
2901,1322
2902,1322
2903,1322
2904,1323
2905,1323
2906,1324
2907,1325
2908,1325
2909,1326
2910,1327
2911,1327
2912,1328
2913,1328
2914,1328
2915,1329
2916,1329
2917,1329
2918,1330
2919,1330
2920,1330
2921,1331
2922,1331
2923,1332
2924,1333
2925,1333
2926,1334
2927,1334
2928,1335
2929,1335
2930,1335
2931,1336
2932,1336
2933,1336
2934,1336
2935,1337
2936,1337
2937,1337
2938,1338
2939,1339
2940,1340
2941,1341
2942,1341
2943,1341
2944,1342
2945,1342
2946,1342
2947,1343
2948,1343
2949,1344
2950,1344
2951,1345
2952,1345
2953,1345
2954,1345
2955,1346
2956,1347
2957,1347
2958,1348
2959,1348
2960,1348
2961,1349
2962,1349
2963,1350
2964,1350
2965,1351
2966,1351
2967,1352
2968,1352
2969,1352
2970,1353
2971,1353
2972,1354
2973,1355
2974,1355
2975,1356
2976,1356
2977,1356
2978,1357
2979,1357
2980,1358
2981,1358
2982,1358
2983,1359
2984,1359
2985,1360
2986,1359
2987,1360
2988,1361
2989,1361
2990,1362
2991,1362
2992,1363
2993,1363
2994,1363
2995,1364
2996,1364
2997,1364
2998,1365
2999,1365
3000,1366
3001,1367
3002,1367
3003,1367
3004,1368
3005,1369
3006,1370
3007,1370
3008,1370
3009,1371
3010,1371
3011,1371
3012,1372
3013,1372
3014,1373
3015,1373
3016,1373
3017,1373
3018,1374
3019,1374
3020,1375
3021,1376
3022,1376
3023,1377
3024,1377
3025,1378
3026,1378
3027,1379
3028,1379
3029,1379
3030,1380
3031,1380
3032,1381
3033,1381
3034,1381
3035,1382
3036,1382
3037,1383
3038,1384
3039,1384
3040,1385
3041,1385
3042,1385
3043,1386
3044,1386
3045,1386
3046,1386
3047,1386
3048,1387
3049,1388
3050,1388
3051,1388
3052,1389
3053,1390
3054,1391
3055,1391
3056,1392
3057,1392
3058,1393
3059,1393
3060,1393
3061,1394
3062,1394
3063,1394
3064,1395
3065,1395
3066,1396
3067,1396
3068,1396
3069,1397
3070,1398
3071,1399
3072,1399
3073,1399
3074,1400
3075,1400
3076,1400
3077,1400
3078,1401
3079,1401
3080,1401
3081,1402
3082,1402
3083,1403
3084,1403
3085,1404
3086,1405
3087,1406
3088,1406
3089,1406
3090,1407
3091,1407
3092,1407
3093,1408
3094,1408
3095,1409
3096,1409
3097,1409
3098,1410
3099,1410
3100,1411
3101,1411
3102,1412
3103,1413
3104,1413
3105,1413
3106,1413
3107,1414
3108,1414
3109,1414
3110,1415
3111,1415
3112,1416
3113,1417
3114,1417
3115,1417
3116,1418
3117,1418
3118,1419
3119,1420
3120,1420
3121,1421
3122,1421
3123,1421
3124,1422
3125,1422
3126,1423
3127,1423
3128,1423
3129,1424
3130,1424
3131,1425
3132,1425
3133,1425
3134,1426
3135,1427
3136,1427
3137,1427
3138,1428
3139,1428
3140,1428
3141,1428
3142,1429
3143,1429
3144,1430
3145,1430
3146,1431
3147,1431
3148,1432
3149,1432
3150,1433
3151,1433
3152,1434
3153,1434
3154,1435
3155,1435
3156,1436
3157,1437
3158,1437
3159,1437
3160,1438
3161,1438
3162,1438
3163,1439
3164,1439
3165,1440
3166,1440
3167,1441
3168,1441
3169,1441
3170,1442
3171,1442
3172,1443
3173,1443
3174,1443
3175,1444
3176,1444
3177,1445
3178,1445
3179,1446
3180,1446
3181,1447
3182,1448
3183,1448
3184,1449
3185,1449
3186,1450
3187,1450
3188,1450
3189,1451
3190,1451
3191,1452
3192,1452
3193,1452
3194,1453
3195,1453
3196,1453
3197,1453
3198,1454
3199,1455
3200,1455
3201,1456
3202,1456
3203,1457
3204,1457
3205,1458
3206,1458
3207,1459
3208,1459
3209,1460
3210,1460
3211,1460
3212,1461
3213,1460
3214,1461
3215,1462
3216,1463
3217,1463
3218,1463
3219,1464
3220,1465
3221,1465
3222,1465
3223,1466
3224,1466
3225,1467
3226,1466
3227,1467
3228,1467
3229,1468
3230,1468
3231,1469
3232,1470
3233,1471
3234,1471
3235,1471
3236,1472
3237,1472
3238,1473
3239,1473
3240,1473
3241,1474
3242,1474
3243,1474
3244,1475
3245,1475
3246,1476
3247,1476
3248,1477
3249,1478
3250,1478
3251,1479
3252,1479
3253,1479
3254,1480
3255,1480
3256,1480
3257,1480
3258,1481
3259,1481
3260,1481
3261,1482
3262,1482
3263,1483
3264,1484
3265,1485
3266,1485
3267,1486
3268,1486
3269,1487
3270,1487
3271,1487
3272,1488
3273,1488
3274,1488
3275,1489
3276,1489
3277,1490
3278,1490
3279,1490
3280,1491
3281,1492
3282,1492
3283,1493
3284,1493
3285,1494
3286,1493
3287,1494
3288,1494
3289,1495
3290,1495
3291,1495
3292,1496
3293,1497
3294,1497
3295,1497
3296,1498
3297,1499
3298,1500
3299,1500
3300,1500
3301,1500
3302,1500
3303,1501
3304,1501
3305,1502
3306,1502
3307,1503
3308,1503
3309,1503
3310,1503
3311,1504
3312,1505
3313,1505
3314,1505
3315,1505
3316,1505
3317,1506
3318,1505
3319,1505
3320,1507
3321,1508
3322,1509
3323,1510
3324,1510
3325,1510
3326,1511
3327,1511
3328,1512
3329,1513
3330,1514
3331,1514
3332,1515
3333,1515
3334,1515
3335,1516
3336,1516
3337,1517
3338,1517
3339,1517
3340,1518
3341,1518
3342,1518
3343,1519
3344,1519
3345,1520
3346,1520
3347,1521
3348,1521
3349,1521
3350,1522
3351,1522
3352,1523
3353,1524
3354,1524
3355,1524
3356,1525
3357,1525
3358,1526
3359,1526
3360,1526
3361,1527
3362,1528
3363,1528
3364,1529
3365,1529
3366,1530
3367,1530
3368,1531
3369,1531
3370,1531
3371,1532
3372,1532
3373,1532
3374,1533
3375,1533
3376,1533
3377,1534
3378,1535
3379,1535
3380,1535
3381,1536
3382,1536
3383,1537
3384,1538
3385,1538
3386,1538
3387,1538
3388,1538
3389,1539
3390,1539
3391,1540
3392,1540
3393,1541
3394,1542
3395,1542
3396,1543
3397,1543
3398,1543
3399,1544
3400,1544
3401,1544
3402,1545
3403,1545
3404,1546
3405,1546
3406,1546
3407,1547
3408,1547
3409,1548
3410,1549
3411,1549
3412,1550
3413,1551
3414,1551
3415,1551
3416,1552
3417,1552
3418,1553
3419,1553
3420,1553
3421,1554
3422,1554
3423,1555
3424,1555
3425,1555
3426,1556
3427,1557
3428,1558
3429,1558
3430,1558
3431,1559
3432,1559
3433,1559
3434,1560
3435,1560
3436,1560
3437,1560
3438,1561
3439,1561
3440,1561
3441,1562
3442,1563
3443,1564
3444,1565
3445,1565
3446,1565
3447,1566
3448,1566
3449,1566
3450,1567
3451,1567
3452,1568
3453,1568
3454,1568
3455,1569
3456,1569
3457,1570
3458,1570
3459,1571
3460,1572
3461,1572
3462,1572
3463,1573
3464,1573
3465,1574
3466,1574
3467,1574
3468,1574
3469,1574
3470,1575
3471,1575
3472,1576
3473,1577
3474,1578
3475,1579
3476,1579
3477,1579
3478,1580
3479,1580
3480,1580
3481,1581
3482,1581
3483,1582
3484,1582
3485,1582
3486,1583
3487,1583
3488,1584
3489,1584
3490,1584
3491,1585
3492,1586
3493,1586
3494,1587
3495,1587
3496,1587
3497,1587
3498,1588
3499,1588
3500,1588
3501,1589
3502,1589
3503,1590
3504,1591
3505,1591
3506,1591
3507,1592
3508,1593
3509,1594
3510,1594
3511,1594
3512,1595
3513,1595
3514,1595
3515,1596
3516,1596
3517,1597
3518,1597
3519,1597
3520,1598
3521,1598
3522,1598
3523,1599
3524,1600
3525,1599
3526,1600
3527,1600
3528,1601
3529,1601
3530,1601
3531,1602
3532,1603
3533,1603
3534,1604
3535,1605
3536,1605
3537,1605
3538,1606
3539,1606
3540,1607
3541,1608
3542,1608
3543,1609
3544,1609
3545,1609
3546,1610
3547,1610
3548,1611
3549,1611
3550,1611
3551,1611
3552,1611
3553,1612
3554,1612
3555,1613
3556,1614
3557,1614
3558,1615
3559,1615
3560,1615
3561,1616
3562,1617
3563,1617
3564,1618
3565,1618
3566,1618
3567,1618
3568,1618
3569,1619
3570,1619
3571,1620
3572,1621
3573,1621
3574,1622
3575,1622
3576,1622
3577,1622
3578,1623
3579,1624
3580,1624
3581,1625
3582,1625
3583,1625
3584,1626
3585,1627
3586,1626
3587,1627
3588,1628
3589,1629
3590,1629
3591,1629
3592,1630
3593,1630
3594,1631
3595,1631
3596,1631
3597,1632
3598,1632
3599,1633
3600,1633
3601,1634
3602,1634
3603,1635
3604,1635
3605,1636
3606,1637
3607,1637
3608,1638
3609,1638
3610,1638
3611,1639
3612,1639
3613,1639
3614,1640
3615,1640
3616,1640
3617,1640
3618,1641
3619,1641
3620,1642
3621,1643
3622,1643
3623,1644
3624,1644
3625,1645
3626,1645
3627,1645
3628,1646
3629,1646
3630,1647
3631,1647
3632,1648
3633,1648
3634,1649
3635,1649
3636,1649
3637,1650
3638,1651
3639,1651
3640,1652
3641,1652
3642,1653
3643,1653
3644,1653
3645,1652
3646,1652
3647,1653
3648,1653
3649,1653
3650,1654
3651,1655
3652,1656
3653,1657
3654,1658
3655,1659
3656,1659
3657,1659
3658,1660
3659,1660
3660,1660
3661,1661
3662,1661
3663,1662
3664,1662
3665,1662
3666,1663
3667,1663
3668,1664
3669,1664
3670,1665
3671,1666
3672,1666
3673,1666
3674,1667
3675,1667
3676,1667
3677,1667
3678,1668
3679,1668
3680,1668
3681,1669
3682,1669
3683,1670
3684,1671
3685,1671
3686,1672
3687,1673
3688,1674
3689,1674
3690,1674
3691,1675
3692,1675
3693,1675
3694,1675
3695,1676
3696,1676
3697,1676
3698,1677
3699,1677
3700,1678
3701,1679
3702,1680
3703,1680
3704,1681
3705,1681
3706,1681
3707,1681
3708,1682
3709,1682
3710,1682
3711,1683
3712,1683
3713,1684
3714,1684
3715,1685
3716,1685
3717,1686
3718,1686
3719,1687
3720,1688
3721,1688
3722,1689
3723,1689
3724,1689
3725,1690
3726,1690
3727,1691
3728,1691
3729,1691
3730,1692
3731,1692
3732,1692
3733,1693
3734,1693
3735,1694
3736,1694
3737,1694
3738,1695
3739,1695
3740,1695
3741,1696
3742,1697
3743,1697
3744,1697
3745,1698
3746,1698
3747,1699
3748,1699
3749,1699
3750,1700
3751,1701
3752,1702
3753,1702
3754,1703
3755,1703
3756,1704
3757,1704
3758,1704
3759,1705
3760,1705
3761,1706
3762,1705
3763,1706
3764,1706
3765,1706
3766,1707
3767,1708
3768,1709
3769,1709
3770,1709
3771,1710
3772,1710
3773,1711
3774,1712
3775,1712
3776,1712
3777,1713
3778,1713
3779,1714
3780,1714
3781,1714
3782,1714
3783,1715
3784,1716
3785,1716
3786,1717
3787,1717
3788,1718
3789,1718
3790,1719
3791,1719
3792,1719
3793,1720
3794,1720
3795,1721
3796,1720
3797,1720
3798,1721
3799,1722
3800,1722
3801,1723
3802,1723
3803,1723
3804,1724
3805,1724
3806,1725
3807,1725
3808,1726
3809,1726
3810,1727
3811,1728
3812,1728
3813,1728
3814,1729
3815,1729
3816,1730
3817,1731
3818,1731
3819,1732
3820,1732
3821,1732
3822,1733
3823,1733
3824,1734
3825,1734
3826,1734
3827,1734
3828,1735
3829,1735
3830,1736
3831,1736
3832,1737
3833,1738
3834,1739
3835,1739
3836,1739
3837,1740
3838,1740
3839,1741
3840,1741
3841,1741
3842,1742
3843,1742
3844,1742
3845,1743
3846,1743
3847,1744
3848,1744
3849,1745
3850,1746
3851,1746
3852,1746
3853,1747
3854,1747
3855,1748
3856,1747
3857,1748
3858,1748
3859,1749
3860,1749
3861,1749
3862,1750
3863,1751
3864,1751
3865,1752
3866,1753
3867,1753
3868,1754
3869,1754
3870,1754
3871,1755
3872,1755
3873,1755
3874,1756
3875,1756
3876,1757
3877,1757
3878,1757
3879,1758
3880,1758
3881,1759
3882,1760
3883,1760
3884,1761
3885,1761
3886,1760
3887,1761
3888,1761
3889,1761
3890,1762
3891,1762
3892,1763
3893,1764
3894,1764
3895,1764
3896,1765
3897,1766
3898,1767
3899,1767
3900,1768
3901,1768
3902,1769
3903,1769
3904,1769
3905,1770
3906,1770
3907,1771
3908,1771
3909,1771
3910,1772
3911,1772
3912,1772
3913,1773
3914,1774
3915,1775
3916,1774
3917,1775
3918,1775
3919,1775
3920,1776
3921,1776
3922,1777
3923,1778
3924,1778
3925,1779
3926,1779
3927,1779
3928,1780
3929,1780
3930,1781
3931,1782
3932,1782
3933,1783
3934,1783
3935,1783
3936,1784
3937,1784
3938,1784
3939,1785
3940,1785
3941,1786
3942,1786
3943,1786
3944,1787
3945,1787
3946,1788
3947,1788
3948,1789
3949,1789
3950,1789
3951,1790
3952,1790
3953,1791
3954,1792
3955,1792
3956,1792
3957,1793
3958,1793
3959,1794
3960,1794
3961,1794
3962,1795
3963,1796
3964,1796
3965,1797
3966,1797
3967,1798
3968,1798
3969,1798
3970,1799
3971,1799
3972,1799
3973,1800
3974,1800
3975,1801
3976,1801
3977,1801
3978,1802
3979,1803
3980,1803
3981,1803
3982,1804
3983,1805
3984,1805
3985,1806
3986,1806
3987,1806
3988,1807
3989,1807
3990,1807
3991,1808
3992,1808
3993,1809
3994,1809
3995,1810
3996,1811
3997,1811
3998,1812
3999,1812
4000,1812
4001,1813
4002,1813
4003,1813
4004,1814
4005,1814
4006,1813
4007,1814
4008,1814
4009,1815
4010,1816
4011,1816
4012,1817
4013,1818
4014,1819
4015,1819
4016,1819
4017,1820
4018,1820
4019,1821
4020,1821
4021,1821
4022,1822
4023,1822
4024,1822
4025,1823
4026,1823
4027,1824
4028,1825
4029,1825
4030,1826
4031,1826
4032,1826
4033,1827
4034,1827
4035,1828
4036,1828
4037,1828
4038,1828
4039,1829
4040,1829
4041,1829
4042,1830
4043,1831
4044,1832
4045,1832
4046,1832
4047,1833
4048,1833
4049,1834
4050,1834
4051,1835
4052,1835
4053,1836
4054,1836
4055,1836
4056,1837
4057,1837
4058,1838
4059,1838
4060,1839
4061,1840
4062,1840
4063,1840
4064,1841
4065,1841
4066,1841
4067,1841
4068,1842
4069,1842
4070,1842
4071,1843
4072,1844
4073,1844
4074,1845
4075,1845
4076,1846
4077,1847
4078,1847
4079,1848
4080,1848
4081,1848
4082,1849
4083,1849
4084,1850
4085,1850
4086,1850
4087,1851
4088,1851
4089,1851
4090,1852
4091,1852
4092,1853
4093,1854
4094,1854
4095,1855
4096,1854
4097,1854
4098,1855
4099,1855
4100,1855
4101,1856
4102,1857
4103,1857
4104,1858
4105,1859
4106,1859
4107,1859
4108,1860
4109,1861
4110,1861
4111,1861
4112,1862
4113,1862
4114,1862
4115,1863
4116,1863
4117,1864
4118,1864
4119,1865
4120,1865
4121,1866
4122,1866
4123,1866
4124,1867
4125,1868
4126,1867
4127,1868
4128,1868
4129,1868
4130,1869
4131,1869
4132,1870
4133,1870
4134,1871
4135,1872
4136,1872
4137,1872
4138,1873
4139,1873
4140,1874
4141,1875
4142,1876
4143,1876
4144,1877
4145,1877
4146,1877
4147,1878
4148,1878
4149,1878
4150,1879
4151,1879
4152,1879
4153,1879
4154,1880
4155,1880
4156,1881
4157,1882
4158,1882
4159,1883
4160,1884
4161,1884
4162,1884
4163,1885
4164,1885
4165,1886
4166,1886
4167,1886
4168,1887
4169,1887
4170,1887
4171,1888
4172,1888
4173,1889
4174,1890
4175,1890
4176,1891
4177,1891
4178,1891
4179,1892
4180,1892
4181,1893
4182,1893
4183,1893
4184,1894
4185,1894
4186,1895
4187,1895
4188,1895
4189,1896
4190,1897
4191,1898
4192,1898
4193,1898
4194,1899
4195,1899
4196,1900
4197,1900
4198,1900
4199,1901
4200,1901
4201,1901
4202,1901
4203,1902
4204,1902
4205,1903
4206,1904
4207,1904
4208,1905
4209,1905
4210,1906
4211,1906
4212,1907
4213,1907
4214,1907
4215,1908
4216,1908
4217,1908
4218,1908
4219,1909
4220,1910
4221,1910
4222,1911
4223,1911
4224,1912
4225,1912
4226,1912
4227,1913
4228,1913
4229,1913
4230,1914
4231,1915
4232,1915
4233,1916
4234,1914
4235,1915
4236,1915
4237,1917
4238,1918
4239,1918
4240,1919
4241,1919
4242,1919
4243,1920
4244,1920
4245,1919
4246,1920
4247,1920
4248,1921
4249,1920
4250,1920
4251,1922
4252,1923
4253,1924
4254,1925
4255,1925
4256,1924
4257,1924
4258,1925
4259,1925
4260,1927
4261,1928
4262,1928
4263,1928
4264,1928
4265,1929
4266,1930
4267,1931
4268,1931
4269,1932
4270,1933
4271,1933
4272,1933
4273,1934
4274,1934
4275,1933
4276,1932
4277,1933
4278,1933
4279,1934
4280,1935
4281,1935
4282,1936
4283,1936
4284,1937
4285,1938
4286,1939
4287,1938
4288,1939
4289,1939
4290,1941
4291,1942
4292,1942
4293,1940
4294,1941
4295,1942
4296,1942
4297,1943
4298,1943
4299,1943
4300,1944
4301,1941
4302,1942
4303,1943
4304,1944
4305,1944
4306,1945
4307,1946
4308,1944
4309,1945
4310,1946
4311,1946
4312,1948
